id,lat,lon,demand
1,37.49069260474665,127.00996110012903,8
2,37.511963814380465,127.00071490312945,2
3,37.480449401006084,126.99895435665951,9
4,37.5155871977044,127.01904839887293,2
5,37.492449400403714,127.03817446016919,6
6,37.48803089476805,127.01596620932091,9
7,37.51753704111129,127.01746592829545,4
8,37.49425186676648,127.04460269175758,7
9,37.50572369156475,127.0140316802326,4
10,37.49964298727622,127.01357570987072,8
11,37.4819623716114,127.0423961691951,2
12,37.490296429856066,127.03658059554851,7
13,37.508076557343855,127.01974383042,9
14,37.484482128618076,127.03885060077936,9
15,37.50266591406554,127.0326667354941,9
16,37.484214439904235,127.03855849159493,8
17,37.510210691228174,127.02846115434656,6
18,37.49831572275227,127.03726502165107,2
19,37.50111196560171,127.0101732524879,1
20,37.49122907918799,127.0423903941439,1
21,37.47934479991432,127.00673588895995,8
22,37.492902653391795,127.0405823071977,7
23,37.48491162015177,127.01180692269021,5
24,37.49803092901296,127.01323603946118,9
25,37.47986896499755,127.03449198688669,9
26,37.483385402674585,127.0349345718526,3
27,37.48828220207613,127.04232749481821,3
28,37.51567503177933,127.03405867696945,4
29,37.50411635992285,126.99780958755254,9
30,37.49200712978781,127.01409519103927,4
31,37.47944763447337,127.03404991911701,1
32,37.503137049268176,127.00325312038542,1
33,37.47959708414431,127.01402011238805,3
34,37.503725970285196,127.02437148441904,5
35,37.48355386351754,127.00929587335479,6
36,37.4914169891492,127.02707704397785,9
37,37.49096225306548,127.00600955631202,9
38,37.498781595980745,127.0450097798179,6
39,37.496821316769974,127.02797905775644,9
40,37.49679740822905,126.99845089244799,4
41,37.51431886745647,127.03288805549224,1
42,37.47910344416799,127.02153218636535,7
43,37.489752759107795,127.0105859791635,7
44,37.516360949425014,127.02731412129427,6
45,37.48491917901028,127.00226648370182,1
46,37.49091326612291,127.00110476766439,2
47,37.47891350694564,126.99953499355819,1
48,37.51161676298494,127.04480742677964,5
49,37.496073721906015,127.03750587756156,4
50,37.50768722589,127.01069776028166,2
51,37.49786499751612,127.0092283778857,1
52,37.504997083502225,127.04301337744127,4
53,37.50220721042229,127.04835738664225,3
54,37.482051594969356,127.0418166906011,1
55,37.484903900188556,127.00838749741698,7
56,37.5042540374681,127.05437665083001,7
57,37.50828457832795,127.03623410502132,9
58,37.48039845240339,127.03381583167894,3
59,37.48195753896512,127.00886799479039,4
60,37.515904484411514,127.04130822559205,6
61,37.498045214254645,127.01952294998092,3
62,37.506903412986134,127.01869065762905,8
63,37.51709029102899,127.01083067624467,1
64,37.511668500344555,127.03648401173132,1
65,37.48790149589125,127.020325848263,9
66,37.510540355268326,127.04795448454558,3
67,37.50080752245623,127.0016797791608,6
68,37.48851760107113,127.00487163615857,4
69,37.50966519219301,127.01962758235925,7
70,37.516222456149464,127.00884995205256,10
71,37.48415634338803,127.04839295700658,9
72,37.51798390747689,127.012174206092,5
73,37.49052319266961,127.04535406941531,6
74,37.48394917976081,127.01107234248896,2
75,37.49626155215775,127.01986659179488,7
76,37.4993518039603,127.04608218744427,10
77,37.491366514355256,127.05090975766778,6
78,37.515205394042525,127.04062354117085,7
79,37.483738188939824,127.0392058455062,6
80,37.514854651769085,127.04783566126883,7
81,37.50819381304173,127.02452605221505,7
82,37.508036264926375,127.02132837200654,3
83,37.48037752165275,127.04847059720981,10
84,37.4785158073635,127.04801944508078,3
85,37.50697860523299,127.04215525070686,4
86,37.514896228107524,127.03293178617352,9
87,37.50833495932321,127.02412096351253,2
88,37.50796735754346,127.05222429404536,6
89,37.48374955759036,127.02280226812972,4
90,37.4799707616509,127.04425620452929,7
91,37.49998910781782,127.02562361324838,8
92,37.4847495299447,127.0308645965896,9
93,37.494658455485485,127.01120811239815,9
94,37.5166971065584,127.0374315479868,4
95,37.50418434401451,127.03593012169438,3
96,37.50741641858031,127.04391775252381,4
97,37.50989042505792,127.02278733558457,9
98,37.50922071017339,127.04933504915927,2
99,37.48466637586169,127.02469265404483,1
100,37.515734978399614,127.02978864416903,10
101,37.5145138271987,127.01140734442488,9
102,37.483579729331495,127.03206909136196,10
103,37.503178559861034,126.99779073405588,4
104,37.49616415141868,127.00991693573562,10
105,37.48697796771396,127.04904474896013,10
106,37.49628894477465,127.04130392502384,9
107,37.50324614011247,127.04761696585005,9
108,37.507933737659855,127.00529207740765,3
109,37.481905293289756,127.01285968606916,6
110,37.49258331869292,127.0020791145441,6
111,37.48050339708195,126.9993192604693,10
112,37.48196047476468,127.05237995119126,1
113,37.517616209094136,127.03100368312576,9
114,37.516115200564684,127.02122281078982,7
115,37.48790820376171,127.0486688846476,2
116,37.48528321989351,127.02825432863835,5
117,37.51349642521962,127.05337930701629,7
118,37.49933540120014,127.04377158342554,4
119,37.496209426254424,127.03150079265538,8
120,37.48054084274071,127.01886298823094,1
121,37.50570805039246,127.00979911362475,8
122,37.501059594047064,127.036920900169,4
123,37.49735458960278,127.0249561487068,6
124,37.48037370686573,127.03267371467271,7
125,37.48987922316364,127.02986719166834,7
126,37.47898728844284,127.01016098054176,5
127,37.479072792647244,127.02934857720896,2
128,37.515773909866404,127.02254850525186,3
129,37.498625992800754,127.03095123197703,4
130,37.48892438384525,127.01044865625228,3
131,37.51352503166974,127.04280863319221,4
132,37.500780969465836,127.03172085798386,6
133,37.50061592572003,126.99887963151586,5
134,37.51709132561168,127.03739046538652,1
135,37.48828336746322,127.0537255511678,2
136,37.49129273573878,127.01278782674218,3
137,37.51794078853124,127.05146137457842,3
138,37.49933913882382,127.045544589159,3
139,37.49739274874896,127.04681143182854,1
140,37.48912783443368,127.0423689498488,2
141,37.49259406906129,127.01369146994766,4
142,37.512578603833084,127.03447357102216,10
143,37.512961195793956,127.0140400206859,10
144,37.48120073729248,127.00653769970795,10
145,37.50006636213763,127.0391693534881,6
146,37.48052310600718,127.02035402681102,2
147,37.48407680528905,127.0232797516282,3
148,37.51185381475592,126.99833559493555,10
149,37.49190084203217,127.02311433853917,4
150,37.48953427176302,127.03459075973629,9
151,37.50792940182674,127.01429375241875,3
152,37.499317059023426,127.00418834693194,10
153,37.506814724735264,127.00976815850737,10
154,37.51503660054429,127.02991112269255,4
155,37.487620763215915,127.05387191423071,7
156,37.48086971393701,127.0168365670683,7
157,37.491109388855016,126.99865144394937,6
158,37.50327870867334,127.04339784980255,7
159,37.499705475604856,127.03299823615131,3
160,37.50459280548935,127.02277996540805,10
161,37.481149021552234,127.05284852992399,9
162,37.495062283067796,127.00672920937674,8
163,37.51781360262925,127.0467385813552,8
164,37.515201298442754,127.01476095661744,7
165,37.499569517842815,127.00288894725176,2
166,37.49463944119364,127.01613579986531,2
167,37.48623078723185,127.04016542213331,7
168,37.50780673138955,127.01434982983008,9
169,37.484209369783336,127.04193107700718,9
170,37.48083569850011,127.03699242078491,5
171,37.49040283452661,127.00057057103452,1
172,37.492400551816246,127.04056742021947,5
173,37.49479978182144,127.051040278191,1
174,37.489168926916584,127.02951306667455,9
175,37.50186598160894,127.00886861404662,10
176,37.502067967858665,127.03861978916774,4
177,37.48294477077729,127.03086048028133,1
178,37.50338201540846,127.0292251948813,1
179,37.49413820567068,127.04926655998231,10
180,37.48020809186087,127.01681715862023,5
181,37.51686801266661,127.02791339237199,6
182,37.51590148881164,127.00754994108252,3
183,37.507807766916756,127.04561261956621,8
184,37.498388708635154,127.04611891197301,9
185,37.50577192935075,127.04201093761485,2
186,37.50837434256389,127.04045263627258,9
187,37.51049763486266,127.01655798044476,7
188,37.49888222849227,127.05435824487769,6
189,37.50772348278704,127.00775527570337,10
190,37.5133260745038,127.04107941761816,8
191,37.507001210006074,127.00213195780533,1
192,37.497194649527025,127.0350824484459,8
193,37.50859573669636,127.05554284891561,5
194,37.50698425774374,127.02539121082185,10
195,37.493245411485816,127.01431907072286,8
196,37.483958823611715,127.02403074195684,9
197,37.50071790075009,127.0395628044615,10
198,37.49470688338613,127.05681181890516,4
199,37.4909487285587,126.9991071094351,9
200,37.51064744970216,127.04852099177982,7
201,37.4871265473878,127.00693500972359,9
202,37.50346769629465,127.05136498424963,5
203,37.49368544113065,127.00026174360859,6
204,37.50468368345329,127.04625398142768,1
205,37.4796766641586,127.03643639360388,2
206,37.4864060323233,127.02696838053272,2
207,37.4798141017081,127.00226589961213,5
208,37.51100122184105,127.05676092580372,10
209,37.48631350668964,127.02514989103962,9
210,37.509031437003884,127.03882159688457,8
211,37.51141717278838,127.02070188148309,8
212,37.482730875497865,127.04963754146834,9
213,37.505356789909,127.01093188363056,3
214,37.50548617553829,127.04807390219408,3
215,37.4957648626593,127.04549590151241,4
216,37.48761072306971,127.01941056094807,6
217,37.48117589772778,127.02129598315786,8
218,37.48490578475691,127.04059989884043,7
219,37.48395271973028,127.0074546225342,3
220,37.51707601238649,127.03493378190399,9
221,37.51071671187118,127.03384016176301,9
222,37.50763676342642,127.03200924816699,10
223,37.49104702653934,127.04183950930506,7
224,37.48409534424233,127.00940910990951,5
225,37.4981343971312,127.03137046828192,6
226,37.51494227661104,127.05525083504803,6
227,37.50557924555482,127.04204478805177,1
228,37.51514538984416,127.0350716615335,3
229,37.489246715105786,127.0317311849389,1
230,37.48870144306958,127.01573884125432,6
231,37.49232121347755,127.0463588909001,10
232,37.50258691438551,127.053806418644,7
233,37.48669420058978,127.03363116462756,4
234,37.5054368875412,127.0004120551624,2
235,37.4930819812009,126.99988179679715,9
236,37.50159827498944,127.03782894005653,1
237,37.48578742094346,127.04950097173287,3
238,37.51450280750948,127.05505535313583,1
239,37.48568387052961,127.03192944805207,4
240,37.48828034188142,127.0039645225787,4
241,37.50693512864015,127.0379842275429,10
242,37.486137824344866,127.01381720387967,7
243,37.50569100961234,127.02960565078334,3
244,37.50404025243424,127.00204076374762,8
245,37.498005285159614,127.0229943435212,8
246,37.506238756688425,127.03907182655351,2
247,37.49197977013541,127.0337888638271,8
248,37.517779438507205,127.04538632114136,3
249,37.49947170149478,127.0014727108007,8
250,37.495875284964214,127.0016254596954,4
251,37.51236095494575,126.99901189459938,2
252,37.49231600027586,127.01677764219346,4
253,37.49654165843633,127.03414328260104,9
254,37.50372522220991,127.03310434583183,1
255,37.47957386513285,127.00562610410722,7
256,37.48823904013055,127.02963908318735,10
257,37.51034784279749,127.00217659593659,2
258,37.507637578494204,127.0365836526156,7
259,37.50066937796819,127.04622169028838,5
260,37.48887299244001,127.03495578021858,1
261,37.510891467947225,127.05027237764119,1
262,37.50060254886874,127.0097979206536,3
263,37.49916267501189,127.02276842212191,7
264,37.51037529680437,127.00903721473838,2
265,37.48523645036796,127.02487850781293,3
266,37.48768679898033,127.04349295315583,7
267,37.51507796281922,127.02548021219856,10
268,37.51348053487203,127.0304875447702,5
269,37.4880106421636,126.99896823322027,6
270,37.49710593891637,127.01587347140669,2
271,37.50417584591787,127.04304606821576,7
272,37.49555742802232,127.04680139616556,2
273,37.47984320473152,127.03924360857681,4
274,37.489755428798034,127.01543390136193,3
275,37.4781509374576,127.0326062169192,2
276,37.505309786158364,127.04143803088193,7
277,37.48283434221105,127.05347543654572,1
278,37.48124617539528,127.01790864044295,1
279,37.499195304939605,127.00012103081677,2
280,37.49877613057381,127.01246258854769,7
281,37.48122485005837,127.01190602402815,7
282,37.50688347204269,127.01703516501101,7
283,37.508279593487565,127.03103426412463,8
284,37.47892234044852,126.99862804033263,4
285,37.5046130404017,127.04824292052352,3
286,37.48088430224524,127.00422827806935,9
287,37.511915542968346,127.03819824829166,10
288,37.505769003579594,127.05733655673448,10
289,37.5178026884994,127.0220115318123,5
290,37.51536823874676,127.05217926655423,3
291,37.511169301701266,127.02840870590873,5
292,37.506773511881356,127.00163635374405,3
293,37.47899195928523,127.04228119255929,6
294,37.51615438937123,127.03940887510252,7
295,37.51499044694771,127.00919307829113,4
296,37.50806573998425,127.01300989937319,7
297,37.5177028721926,127.05730887798153,10
298,37.49350687951223,127.0536663330221,2
299,37.496925906916445,127.02804288699589,5
300,37.47958497577084,127.02458172032829,3
